{
  "info": {
    "version": "",
    "title": "CSS100MI - Api: External orderline Information",
    "description": "Api: External orderline Information"
  },
  "schemes": [
    "https"
  ],
  "produces": [
    "application/json; charset=UTF-8"
  ],
  "basePath": "/BVB_DEV/M3/m3api-rest/v2/execute/CSS100MI",
  "swagger": "2.0",
  "definitions": {
    "BulkResponseResult": {
      "type": "object",
      "properties": {
        "transaction": {
          "type": "string"
        },
        "parameters": {
          "type": "object",
          "additionalProperties": {
            "type": "string"
          }
        },
        "errorMessage": {
          "type": "string"
        },
        "errorCode": {
          "type": "string"
        },
        "errorCfg": {
          "type": "string"
        },
        "errorField": {
          "type": "string"
        },
        "errorType": {
          "type": "string"
        },
        "notProcessed": {
          "type": "boolean",
          "example": false
        },
        "records": {
          "type": "array",
          "items": {
            "type": "object",
            "additionalProperties": {
              "type": "string"
            }
          }
        }
      }
    },
    "BulkResponse": {
      "type": "object",
      "properties": {
        "results": {
          "type": "array",
          "items": {
            "type": "object",
            "properties": {
              "transaction": {
                "type": "string"
              },
              "parameters": {
                "type": "object",
                "additionalProperties": {
                  "type": "string"
                }
              },
              "errorMessage": {
                "type": "string"
              },
              "errorCode": {
                "type": "string"
              },
              "errorCfg": {
                "type": "string"
              },
              "errorField": {
                "type": "string"
              },
              "errorType": {
                "type": "string"
              },
              "notProcessed": {
                "type": "boolean",
                "example": false
              },
              "records": {
                "type": "array",
                "items": {
                  "type": "object",
                  "additionalProperties": {
                    "type": "string"
                  }
                }
              }
            }
          }
        },
        "wasTerminated": {
          "type": "boolean",
          "example": false
        },
        "terminationReason": {
          "type": "string"
        },
        "nrOfSuccessfullTransactions": {
          "type": "integer",
          "format": "int32",
          "example": 1
        },
        "nrOfNotProcessedTransactions": {
          "type": "integer",
          "format": "int32"
        },
        "nrOfFailedTransactions": {
          "type": "integer",
          "format": "int32"
        },
        "terminationErrorType": {
          "type": "string"
        },
        "bulkJobId": {
          "type": "string"
        }
      }
    }
  },
  "paths": {
    "/UpdExtInf": {
      "get": {
        "summary": "Update external information",
        "description": "Update external information",
        "responses": {
          "200": {
            "description": "The transaction was executed as requested",
            "schema": {
              "type": "object",
              "properties": {
                "results": {
                  "type": "array",
                  "items": {
                    "type": "object",
                    "properties": {
                      "transaction": {
                        "type": "string",
                        "example": "UpdExtInf"
                      },
                      "parameters": {
                        "type": "object",
                        "additionalProperties": {
                          "type": "string"
                        },
                        "example": {
                          "ORCA": "Order category(3)",
                          "RIDN": "Order number(10)",
                          "RIDL": "Order line(6)",
                          "RIDX": "Line suffix(3)",
                          "ALI1": "Transaction number(5)",
                          "EREF": "External reference(10)",
                          "IATH": "Item authorized(3)",
                          "ATHL": "Authorization level(1)",
                          "USD1": "User-defined field(15)",
                          "USD2": "User-defined field(15)",
                          "USD3": "User-defined field(15)",
                          "USD4": "User-defined field(15)",
                          "USD5": "User-defined field(15)"
                        }
                      },
                      "errorMessage": {
                        "type": "string"
                      },
                      "errorCode": {
                        "type": "string"
                      },
                      "errorCfg": {
                        "type": "string"
                      },
                      "errorField": {
                        "type": "string"
                      },
                      "errorType": {
                        "type": "string"
                      },
                      "notProcessed": {
                        "type": "boolean",
                        "example": false
                      },
                      "records": {
                        "type": "array",
                        "items": {
                          "type": "object",
                          "additionalProperties": {
                            "type": "string"
                          },
                          "example": {}
                        }
                      }
                    }
                  }
                },
                "wasTerminated": {
                  "type": "boolean",
                  "example": false
                },
                "terminationReason": {
                  "type": "string"
                },
                "nrOfSuccessfullTransactions": {
                  "type": "integer",
                  "format": "int32",
                  "example": 1
                },
                "nrOfNotProcessedTransactions": {
                  "type": "integer",
                  "format": "int32"
                },
                "nrOfFailedTransactions": {
                  "type": "integer",
                  "format": "int32"
                },
                "terminationErrorType": {
                  "type": "string"
                },
                "bulkJobId": {
                  "type": "string"
                }
              }
            }
          }
        },
        "parameters": [
          {
            "required": false,
            "in": "query",
            "type": "string",
            "name": "ORCA",
            "description": "Order category(3)"
          },
          {
            "required": false,
            "in": "query",
            "type": "string",
            "name": "RIDN",
            "description": "Order number(10)"
          },
          {
            "required": false,
            "in": "query",
            "type": "number",
            "name": "RIDL",
            "description": "Order line(6)"
          },
          {
            "required": false,
            "in": "query",
            "type": "number",
            "name": "RIDX",
            "description": "Line suffix(3)"
          },
          {
            "required": false,
            "in": "query",
            "type": "number",
            "name": "ALI1",
            "description": "Transaction number(5)"
          },
          {
            "required": false,
            "in": "query",
            "type": "string",
            "name": "EREF",
            "description": "External reference(10)"
          },
          {
            "required": false,
            "in": "query",
            "type": "string",
            "name": "IATH",
            "description": "Item authorized(3)"
          },
          {
            "required": false,
            "in": "query",
            "type": "string",
            "name": "ATHL",
            "description": "Authorization level(1)"
          },
          {
            "required": false,
            "in": "query",
            "type": "string",
            "name": "USD1",
            "description": "User-defined field(15)"
          },
          {
            "required": false,
            "in": "query",
            "type": "string",
            "name": "USD2",
            "description": "User-defined field(15)"
          },
          {
            "required": false,
            "in": "query",
            "type": "string",
            "name": "USD3",
            "description": "User-defined field(15)"
          },
          {
            "required": false,
            "in": "query",
            "type": "string",
            "name": "USD4",
            "description": "User-defined field(15)"
          },
          {
            "required": false,
            "in": "query",
            "type": "string",
            "name": "USD5",
            "description": "User-defined field(15)"
          },
          {
            "required": false,
            "in": "query",
            "type": "string",
            "name": "cono",
            "description": "The company context to use. Defaults to user default"
          },
          {
            "required": false,
            "in": "query",
            "type": "string",
            "name": "divi",
            "description": "The division context to use. Defaults to user default"
          },
          {
            "required": false,
            "in": "query",
            "type": "string",
            "name": "lanc",
            "description": "The language code to use. Defaults to user default"
          },
          {
            "required": false,
            "in": "query",
            "type": "string",
            "name": "locale",
            "description": "The locale to use"
          },
          {
            "required": false,
            "in": "query",
            "type": "string",
            "name": "timeZone",
            "description": "The time zone to use"
          },
          {
            "required": false,
            "in": "query",
            "type": "string",
            "name": "maxrecs",
            "description": "Max number of records returned. 0 is unlimited"
          },
          {
            "required": false,
            "in": "query",
            "type": "string",
            "name": "dateformat",
            "description": "Date format to use",
            "default": "YMD8",
            "enum": [
              "YMD8",
              "YMD6",
              "MDY6",
              "DMY6",
              "YWD5",
              "YMD8-"
            ]
          },
          {
            "required": false,
            "in": "query",
            "type": "string",
            "name": "excludeempty",
            "description": "When true, empty fields are omitted in response",
            "default": "false"
          },
          {
            "required": false,
            "in": "query",
            "type": "string",
            "name": "righttrim",
            "description": "When true, all values are right trimmed in response",
            "default": "true"
          },
          {
            "required": false,
            "in": "query",
            "type": "string",
            "name": "returncols",
            "description": "A comma separated list of column names that should be included in the response. Defaults to all columns"
          },
          {
            "required": false,
            "in": "query",
            "type": "string",
            "name": "format",
            "description": "Controls output JSON format",
            "default": "PRETTY",
            "enum": [
              "UNFORMATTED",
              "COMPACT",
              "PRETTY"
            ]
          },
          {
            "required": false,
            "in": "query",
            "type": "string",
            "name": "extendedresult",
            "description": "Show transaction parameters in the response",
            "default": "false"
          }
        ]
      }
    },
    "/UpdExtInfOrder": {
      "get": {
        "summary": "Update External information for Ordernumber",
        "description": "Update External information for Ordernumber",
        "responses": {
          "200": {
            "description": "The transaction was executed as requested",
            "schema": {
              "type": "object",
              "properties": {
                "results": {
                  "type": "array",
                  "items": {
                    "type": "object",
                    "properties": {
                      "transaction": {
                        "type": "string",
                        "example": "UpdExtInfOrder"
                      },
                      "parameters": {
                        "type": "object",
                        "additionalProperties": {
                          "type": "string"
                        },
                        "example": {
                          "ORCA": "Order category(3)",
                          "RIDN": "Order number(10)"
                        }
                      },
                      "errorMessage": {
                        "type": "string"
                      },
                      "errorCode": {
                        "type": "string"
                      },
                      "errorCfg": {
                        "type": "string"
                      },
                      "errorField": {
                        "type": "string"
                      },
                      "errorType": {
                        "type": "string"
                      },
                      "notProcessed": {
                        "type": "boolean",
                        "example": false
                      },
                      "records": {
                        "type": "array",
                        "items": {
                          "type": "object",
                          "additionalProperties": {
                            "type": "string"
                          },
                          "example": {}
                        }
                      }
                    }
                  }
                },
                "wasTerminated": {
                  "type": "boolean",
                  "example": false
                },
                "terminationReason": {
                  "type": "string"
                },
                "nrOfSuccessfullTransactions": {
                  "type": "integer",
                  "format": "int32",
                  "example": 1
                },
                "nrOfNotProcessedTransactions": {
                  "type": "integer",
                  "format": "int32"
                },
                "nrOfFailedTransactions": {
                  "type": "integer",
                  "format": "int32"
                },
                "terminationErrorType": {
                  "type": "string"
                },
                "bulkJobId": {
                  "type": "string"
                }
              }
            }
          }
        },
        "parameters": [
          {
            "required": true,
            "in": "query",
            "type": "string",
            "name": "ORCA",
            "description": "Order category(3)"
          },
          {
            "required": true,
            "in": "query",
            "type": "string",
            "name": "RIDN",
            "description": "Order number(10)"
          },
          {
            "required": false,
            "in": "query",
            "type": "string",
            "name": "cono",
            "description": "The company context to use. Defaults to user default"
          },
          {
            "required": false,
            "in": "query",
            "type": "string",
            "name": "divi",
            "description": "The division context to use. Defaults to user default"
          },
          {
            "required": false,
            "in": "query",
            "type": "string",
            "name": "lanc",
            "description": "The language code to use. Defaults to user default"
          },
          {
            "required": false,
            "in": "query",
            "type": "string",
            "name": "locale",
            "description": "The locale to use"
          },
          {
            "required": false,
            "in": "query",
            "type": "string",
            "name": "timeZone",
            "description": "The time zone to use"
          },
          {
            "required": false,
            "in": "query",
            "type": "string",
            "name": "maxrecs",
            "description": "Max number of records returned. 0 is unlimited"
          },
          {
            "required": false,
            "in": "query",
            "type": "string",
            "name": "dateformat",
            "description": "Date format to use",
            "default": "YMD8",
            "enum": [
              "YMD8",
              "YMD6",
              "MDY6",
              "DMY6",
              "YWD5",
              "YMD8-"
            ]
          },
          {
            "required": false,
            "in": "query",
            "type": "string",
            "name": "excludeempty",
            "description": "When true, empty fields are omitted in response",
            "default": "false"
          },
          {
            "required": false,
            "in": "query",
            "type": "string",
            "name": "righttrim",
            "description": "When true, all values are right trimmed in response",
            "default": "true"
          },
          {
            "required": false,
            "in": "query",
            "type": "string",
            "name": "returncols",
            "description": "A comma separated list of column names that should be included in the response. Defaults to all columns"
          },
          {
            "required": false,
            "in": "query",
            "type": "string",
            "name": "format",
            "description": "Controls output JSON format",
            "default": "PRETTY",
            "enum": [
              "UNFORMATTED",
              "COMPACT",
              "PRETTY"
            ]
          },
          {
            "required": false,
            "in": "query",
            "type": "string",
            "name": "extendedresult",
            "description": "Show transaction parameters in the response",
            "default": "false"
          }
        ]
      }
    },
    "/FpwVersion": {
      "get": {
        "summary": "Returns the current FPW version number",
        "description": "Returns the current FPW version number",
        "responses": {
          "200": {
            "description": "The transaction was executed as requested",
            "schema": {
              "type": "object",
              "properties": {
                "results": {
                  "type": "array",
                  "items": {
                    "type": "object",
                    "properties": {
                      "transaction": {
                        "type": "string",
                        "example": "FpwVersion"
                      },
                      "parameters": {
                        "type": "object",
                        "additionalProperties": {
                          "type": "string"
                        },
                        "example": {}
                      },
                      "errorMessage": {
                        "type": "string"
                      },
                      "errorCode": {
                        "type": "string"
                      },
                      "errorCfg": {
                        "type": "string"
                      },
                      "errorField": {
                        "type": "string"
                      },
                      "errorType": {
                        "type": "string"
                      },
                      "notProcessed": {
                        "type": "boolean",
                        "example": false
                      },
                      "records": {
                        "type": "array",
                        "items": {
                          "type": "object",
                          "additionalProperties": {
                            "type": "string"
                          },
                          "example": {
                            "VER": "Version number in the form 2.0.0(10)"
                          }
                        }
                      }
                    }
                  }
                },
                "wasTerminated": {
                  "type": "boolean",
                  "example": false
                },
                "terminationReason": {
                  "type": "string"
                },
                "nrOfSuccessfullTransactions": {
                  "type": "integer",
                  "format": "int32",
                  "example": 1
                },
                "nrOfNotProcessedTransactions": {
                  "type": "integer",
                  "format": "int32"
                },
                "nrOfFailedTransactions": {
                  "type": "integer",
                  "format": "int32"
                },
                "terminationErrorType": {
                  "type": "string"
                },
                "bulkJobId": {
                  "type": "string"
                }
              }
            }
          }
        },
        "parameters": [
          {
            "required": false,
            "in": "query",
            "type": "string",
            "name": "cono",
            "description": "The company context to use. Defaults to user default"
          },
          {
            "required": false,
            "in": "query",
            "type": "string",
            "name": "divi",
            "description": "The division context to use. Defaults to user default"
          },
          {
            "required": false,
            "in": "query",
            "type": "string",
            "name": "lanc",
            "description": "The language code to use. Defaults to user default"
          },
          {
            "required": false,
            "in": "query",
            "type": "string",
            "name": "locale",
            "description": "The locale to use"
          },
          {
            "required": false,
            "in": "query",
            "type": "string",
            "name": "timeZone",
            "description": "The time zone to use"
          },
          {
            "required": false,
            "in": "query",
            "type": "string",
            "name": "maxrecs",
            "description": "Max number of records returned. 0 is unlimited"
          },
          {
            "required": false,
            "in": "query",
            "type": "string",
            "name": "dateformat",
            "description": "Date format to use",
            "default": "YMD8",
            "enum": [
              "YMD8",
              "YMD6",
              "MDY6",
              "DMY6",
              "YWD5",
              "YMD8-"
            ]
          },
          {
            "required": false,
            "in": "query",
            "type": "string",
            "name": "excludeempty",
            "description": "When true, empty fields are omitted in response",
            "default": "false"
          },
          {
            "required": false,
            "in": "query",
            "type": "string",
            "name": "righttrim",
            "description": "When true, all values are right trimmed in response",
            "default": "true"
          },
          {
            "required": false,
            "in": "query",
            "type": "string",
            "name": "returncols",
            "description": "A comma separated list of column names that should be included in the response. Defaults to all columns"
          },
          {
            "required": false,
            "in": "query",
            "type": "string",
            "name": "format",
            "description": "Controls output JSON format",
            "default": "PRETTY",
            "enum": [
              "UNFORMATTED",
              "COMPACT",
              "PRETTY"
            ]
          },
          {
            "required": false,
            "in": "query",
            "type": "string",
            "name": "extendedresult",
            "description": "Show transaction parameters in the response",
            "default": "false"
          }
        ]
      }
    },
    "/GetCurrentUser": {
      "get": {
        "summary": "Get principal user information",
        "description": "Get principal user information",
        "responses": {
          "200": {
            "description": "The transaction was executed as requested",
            "schema": {
              "type": "object",
              "properties": {
                "results": {
                  "type": "array",
                  "items": {
                    "type": "object",
                    "properties": {
                      "transaction": {
                        "type": "string",
                        "example": "GetCurrentUser"
                      },
                      "parameters": {
                        "type": "object",
                        "additionalProperties": {
                          "type": "string"
                        },
                        "example": {}
                      },
                      "errorMessage": {
                        "type": "string"
                      },
                      "errorCode": {
                        "type": "string"
                      },
                      "errorCfg": {
                        "type": "string"
                      },
                      "errorField": {
                        "type": "string"
                      },
                      "errorType": {
                        "type": "string"
                      },
                      "notProcessed": {
                        "type": "boolean",
                        "example": false
                      },
                      "records": {
                        "type": "array",
                        "items": {
                          "type": "object",
                          "additionalProperties": {
                            "type": "string"
                          },
                          "example": {
                            "TEID": "Tenant ID(21)",
                            "USER": "M3 User(10)",
                            "PRUS": "Principal User(60)"
                          }
                        }
                      }
                    }
                  }
                },
                "wasTerminated": {
                  "type": "boolean",
                  "example": false
                },
                "terminationReason": {
                  "type": "string"
                },
                "nrOfSuccessfullTransactions": {
                  "type": "integer",
                  "format": "int32",
                  "example": 1
                },
                "nrOfNotProcessedTransactions": {
                  "type": "integer",
                  "format": "int32"
                },
                "nrOfFailedTransactions": {
                  "type": "integer",
                  "format": "int32"
                },
                "terminationErrorType": {
                  "type": "string"
                },
                "bulkJobId": {
                  "type": "string"
                }
              }
            }
          }
        },
        "parameters": [
          {
            "required": false,
            "in": "query",
            "type": "string",
            "name": "cono",
            "description": "The company context to use. Defaults to user default"
          },
          {
            "required": false,
            "in": "query",
            "type": "string",
            "name": "divi",
            "description": "The division context to use. Defaults to user default"
          },
          {
            "required": false,
            "in": "query",
            "type": "string",
            "name": "lanc",
            "description": "The language code to use. Defaults to user default"
          },
          {
            "required": false,
            "in": "query",
            "type": "string",
            "name": "locale",
            "description": "The locale to use"
          },
          {
            "required": false,
            "in": "query",
            "type": "string",
            "name": "timeZone",
            "description": "The time zone to use"
          },
          {
            "required": false,
            "in": "query",
            "type": "string",
            "name": "maxrecs",
            "description": "Max number of records returned. 0 is unlimited"
          },
          {
            "required": false,
            "in": "query",
            "type": "string",
            "name": "dateformat",
            "description": "Date format to use",
            "default": "YMD8",
            "enum": [
              "YMD8",
              "YMD6",
              "MDY6",
              "DMY6",
              "YWD5",
              "YMD8-"
            ]
          },
          {
            "required": false,
            "in": "query",
            "type": "string",
            "name": "excludeempty",
            "description": "When true, empty fields are omitted in response",
            "default": "false"
          },
          {
            "required": false,
            "in": "query",
            "type": "string",
            "name": "righttrim",
            "description": "When true, all values are right trimmed in response",
            "default": "true"
          },
          {
            "required": false,
            "in": "query",
            "type": "string",
            "name": "returncols",
            "description": "A comma separated list of column names that should be included in the response. Defaults to all columns"
          },
          {
            "required": false,
            "in": "query",
            "type": "string",
            "name": "format",
            "description": "Controls output JSON format",
            "default": "PRETTY",
            "enum": [
              "UNFORMATTED",
              "COMPACT",
              "PRETTY"
            ]
          },
          {
            "required": false,
            "in": "query",
            "type": "string",
            "name": "extendedresult",
            "description": "Show transaction parameters in the response",
            "default": "false"
          }
        ]
      }
    },
    "/GetFieldHeading": {
      "get": {
        "summary": "Retrieve description for a general word",
        "description": "Retrieve description for a general word",
        "responses": {
          "200": {
            "description": "The transaction was executed as requested",
            "schema": {
              "type": "object",
              "properties": {
                "results": {
                  "type": "array",
                  "items": {
                    "type": "object",
                    "properties": {
                      "transaction": {
                        "type": "string",
                        "example": "GetFieldHeading"
                      },
                      "parameters": {
                        "type": "object",
                        "additionalProperties": {
                          "type": "string"
                        },
                        "example": {
                          "MS15": "General word(5)",
                          "SUFF": "Suffix(2)",
                          "LNCD": "Language(2)",
                          "LNFP": "Language file prefix(3)"
                        }
                      },
                      "errorMessage": {
                        "type": "string"
                      },
                      "errorCode": {
                        "type": "string"
                      },
                      "errorCfg": {
                        "type": "string"
                      },
                      "errorField": {
                        "type": "string"
                      },
                      "errorType": {
                        "type": "string"
                      },
                      "notProcessed": {
                        "type": "boolean",
                        "example": false
                      },
                      "records": {
                        "type": "array",
                        "items": {
                          "type": "object",
                          "additionalProperties": {
                            "type": "string"
                          },
                          "example": {
                            "TX40": "Description(40)"
                          }
                        }
                      }
                    }
                  }
                },
                "wasTerminated": {
                  "type": "boolean",
                  "example": false
                },
                "terminationReason": {
                  "type": "string"
                },
                "nrOfSuccessfullTransactions": {
                  "type": "integer",
                  "format": "int32",
                  "example": 1
                },
                "nrOfNotProcessedTransactions": {
                  "type": "integer",
                  "format": "int32"
                },
                "nrOfFailedTransactions": {
                  "type": "integer",
                  "format": "int32"
                },
                "terminationErrorType": {
                  "type": "string"
                },
                "bulkJobId": {
                  "type": "string"
                }
              }
            }
          }
        },
        "parameters": [
          {
            "required": true,
            "in": "query",
            "type": "string",
            "name": "MS15",
            "description": "General word(5)"
          },
          {
            "required": true,
            "in": "query",
            "type": "string",
            "name": "SUFF",
            "description": "Suffix(2)"
          },
          {
            "required": false,
            "in": "query",
            "type": "string",
            "name": "LNCD",
            "description": "Language(2)"
          },
          {
            "required": false,
            "in": "query",
            "type": "string",
            "name": "LNFP",
            "description": "Language file prefix(3)"
          },
          {
            "required": false,
            "in": "query",
            "type": "string",
            "name": "cono",
            "description": "The company context to use. Defaults to user default"
          },
          {
            "required": false,
            "in": "query",
            "type": "string",
            "name": "divi",
            "description": "The division context to use. Defaults to user default"
          },
          {
            "required": false,
            "in": "query",
            "type": "string",
            "name": "lanc",
            "description": "The language code to use. Defaults to user default"
          },
          {
            "required": false,
            "in": "query",
            "type": "string",
            "name": "locale",
            "description": "The locale to use"
          },
          {
            "required": false,
            "in": "query",
            "type": "string",
            "name": "timeZone",
            "description": "The time zone to use"
          },
          {
            "required": false,
            "in": "query",
            "type": "string",
            "name": "maxrecs",
            "description": "Max number of records returned. 0 is unlimited"
          },
          {
            "required": false,
            "in": "query",
            "type": "string",
            "name": "dateformat",
            "description": "Date format to use",
            "default": "YMD8",
            "enum": [
              "YMD8",
              "YMD6",
              "MDY6",
              "DMY6",
              "YWD5",
              "YMD8-"
            ]
          },
          {
            "required": false,
            "in": "query",
            "type": "string",
            "name": "excludeempty",
            "description": "When true, empty fields are omitted in response",
            "default": "false"
          },
          {
            "required": false,
            "in": "query",
            "type": "string",
            "name": "righttrim",
            "description": "When true, all values are right trimmed in response",
            "default": "true"
          },
          {
            "required": false,
            "in": "query",
            "type": "string",
            "name": "returncols",
            "description": "A comma separated list of column names that should be included in the response. Defaults to all columns"
          },
          {
            "required": false,
            "in": "query",
            "type": "string",
            "name": "format",
            "description": "Controls output JSON format",
            "default": "PRETTY",
            "enum": [
              "UNFORMATTED",
              "COMPACT",
              "PRETTY"
            ]
          },
          {
            "required": false,
            "in": "query",
            "type": "string",
            "name": "extendedresult",
            "description": "Show transaction parameters in the response",
            "default": "false"
          }
        ]
      }
    },
    "/GetFixLevel": {
      "get": {
        "summary": "GetFixLevel",
        "description": "GetFixLevel",
        "responses": {
          "200": {
            "description": "The transaction was executed as requested",
            "schema": {
              "type": "object",
              "properties": {
                "results": {
                  "type": "array",
                  "items": {
                    "type": "object",
                    "properties": {
                      "transaction": {
                        "type": "string",
                        "example": "GetFixLevel"
                      },
                      "parameters": {
                        "type": "object",
                        "additionalProperties": {
                          "type": "string"
                        },
                        "example": {
                          "FIXL": "Fix level, Jira action number(15)"
                        }
                      },
                      "errorMessage": {
                        "type": "string"
                      },
                      "errorCode": {
                        "type": "string"
                      },
                      "errorCfg": {
                        "type": "string"
                      },
                      "errorField": {
                        "type": "string"
                      },
                      "errorType": {
                        "type": "string"
                      },
                      "notProcessed": {
                        "type": "boolean",
                        "example": false
                      },
                      "records": {
                        "type": "array",
                        "items": {
                          "type": "object",
                          "additionalProperties": {
                            "type": "string"
                          },
                          "example": {
                            "SLVL": "Supports fix level(1)"
                          }
                        }
                      }
                    }
                  }
                },
                "wasTerminated": {
                  "type": "boolean",
                  "example": false
                },
                "terminationReason": {
                  "type": "string"
                },
                "nrOfSuccessfullTransactions": {
                  "type": "integer",
                  "format": "int32",
                  "example": 1
                },
                "nrOfNotProcessedTransactions": {
                  "type": "integer",
                  "format": "int32"
                },
                "nrOfFailedTransactions": {
                  "type": "integer",
                  "format": "int32"
                },
                "terminationErrorType": {
                  "type": "string"
                },
                "bulkJobId": {
                  "type": "string"
                }
              }
            }
          }
        },
        "parameters": [
          {
            "required": true,
            "in": "query",
            "type": "string",
            "name": "FIXL",
            "description": "Fix level, Jira action number(15)"
          },
          {
            "required": false,
            "in": "query",
            "type": "string",
            "name": "cono",
            "description": "The company context to use. Defaults to user default"
          },
          {
            "required": false,
            "in": "query",
            "type": "string",
            "name": "divi",
            "description": "The division context to use. Defaults to user default"
          },
          {
            "required": false,
            "in": "query",
            "type": "string",
            "name": "lanc",
            "description": "The language code to use. Defaults to user default"
          },
          {
            "required": false,
            "in": "query",
            "type": "string",
            "name": "locale",
            "description": "The locale to use"
          },
          {
            "required": false,
            "in": "query",
            "type": "string",
            "name": "timeZone",
            "description": "The time zone to use"
          },
          {
            "required": false,
            "in": "query",
            "type": "string",
            "name": "maxrecs",
            "description": "Max number of records returned. 0 is unlimited"
          },
          {
            "required": false,
            "in": "query",
            "type": "string",
            "name": "dateformat",
            "description": "Date format to use",
            "default": "YMD8",
            "enum": [
              "YMD8",
              "YMD6",
              "MDY6",
              "DMY6",
              "YWD5",
              "YMD8-"
            ]
          },
          {
            "required": false,
            "in": "query",
            "type": "string",
            "name": "excludeempty",
            "description": "When true, empty fields are omitted in response",
            "default": "false"
          },
          {
            "required": false,
            "in": "query",
            "type": "string",
            "name": "righttrim",
            "description": "When true, all values are right trimmed in response",
            "default": "true"
          },
          {
            "required": false,
            "in": "query",
            "type": "string",
            "name": "returncols",
            "description": "A comma separated list of column names that should be included in the response. Defaults to all columns"
          },
          {
            "required": false,
            "in": "query",
            "type": "string",
            "name": "format",
            "description": "Controls output JSON format",
            "default": "PRETTY",
            "enum": [
              "UNFORMATTED",
              "COMPACT",
              "PRETTY"
            ]
          },
          {
            "required": false,
            "in": "query",
            "type": "string",
            "name": "extendedresult",
            "description": "Show transaction parameters in the response",
            "default": "false"
          }
        ]
      }
    },
    "/GetMIBuild": {
      "get": {
        "summary": "Get build data for MI-program",
        "description": "Get build data for MI-program",
        "responses": {
          "200": {
            "description": "The transaction was executed as requested",
            "schema": {
              "type": "object",
              "properties": {
                "results": {
                  "type": "array",
                  "items": {
                    "type": "object",
                    "properties": {
                      "transaction": {
                        "type": "string",
                        "example": "GetMIBuild"
                      },
                      "parameters": {
                        "type": "object",
                        "additionalProperties": {
                          "type": "string"
                        },
                        "example": {}
                      },
                      "errorMessage": {
                        "type": "string"
                      },
                      "errorCode": {
                        "type": "string"
                      },
                      "errorCfg": {
                        "type": "string"
                      },
                      "errorField": {
                        "type": "string"
                      },
                      "errorType": {
                        "type": "string"
                      },
                      "notProcessed": {
                        "type": "boolean",
                        "example": false
                      },
                      "records": {
                        "type": "array",
                        "items": {
                          "type": "object",
                          "additionalProperties": {
                            "type": "string"
                          },
                          "example": {
                            "VERS": "Version(2)",
                            "PTFS": "Release(1)",
                            "MBLD": "Build number(15)",
                            "SYID": "System(6)",
                            "PGNM": "Program name(10)"
                          }
                        }
                      }
                    }
                  }
                },
                "wasTerminated": {
                  "type": "boolean",
                  "example": false
                },
                "terminationReason": {
                  "type": "string"
                },
                "nrOfSuccessfullTransactions": {
                  "type": "integer",
                  "format": "int32",
                  "example": 1
                },
                "nrOfNotProcessedTransactions": {
                  "type": "integer",
                  "format": "int32"
                },
                "nrOfFailedTransactions": {
                  "type": "integer",
                  "format": "int32"
                },
                "terminationErrorType": {
                  "type": "string"
                },
                "bulkJobId": {
                  "type": "string"
                }
              }
            }
          }
        },
        "parameters": [
          {
            "required": false,
            "in": "query",
            "type": "string",
            "name": "cono",
            "description": "The company context to use. Defaults to user default"
          },
          {
            "required": false,
            "in": "query",
            "type": "string",
            "name": "divi",
            "description": "The division context to use. Defaults to user default"
          },
          {
            "required": false,
            "in": "query",
            "type": "string",
            "name": "lanc",
            "description": "The language code to use. Defaults to user default"
          },
          {
            "required": false,
            "in": "query",
            "type": "string",
            "name": "locale",
            "description": "The locale to use"
          },
          {
            "required": false,
            "in": "query",
            "type": "string",
            "name": "timeZone",
            "description": "The time zone to use"
          },
          {
            "required": false,
            "in": "query",
            "type": "string",
            "name": "maxrecs",
            "description": "Max number of records returned. 0 is unlimited"
          },
          {
            "required": false,
            "in": "query",
            "type": "string",
            "name": "dateformat",
            "description": "Date format to use",
            "default": "YMD8",
            "enum": [
              "YMD8",
              "YMD6",
              "MDY6",
              "DMY6",
              "YWD5",
              "YMD8-"
            ]
          },
          {
            "required": false,
            "in": "query",
            "type": "string",
            "name": "excludeempty",
            "description": "When true, empty fields are omitted in response",
            "default": "false"
          },
          {
            "required": false,
            "in": "query",
            "type": "string",
            "name": "righttrim",
            "description": "When true, all values are right trimmed in response",
            "default": "true"
          },
          {
            "required": false,
            "in": "query",
            "type": "string",
            "name": "returncols",
            "description": "A comma separated list of column names that should be included in the response. Defaults to all columns"
          },
          {
            "required": false,
            "in": "query",
            "type": "string",
            "name": "format",
            "description": "Controls output JSON format",
            "default": "PRETTY",
            "enum": [
              "UNFORMATTED",
              "COMPACT",
              "PRETTY"
            ]
          },
          {
            "required": false,
            "in": "query",
            "type": "string",
            "name": "extendedresult",
            "description": "Show transaction parameters in the response",
            "default": "false"
          }
        ]
      }
    },
    "/GetMessageText": {
      "get": {
        "summary": "Get message text",
        "description": "Get message text",
        "responses": {
          "200": {
            "description": "The transaction was executed as requested",
            "schema": {
              "type": "object",
              "properties": {
                "results": {
                  "type": "array",
                  "items": {
                    "type": "object",
                    "properties": {
                      "transaction": {
                        "type": "string",
                        "example": "GetMessageText"
                      },
                      "parameters": {
                        "type": "object",
                        "additionalProperties": {
                          "type": "string"
                        },
                        "example": {
                          "MSID": "Message ID(7)",
                          "LNCD": "Language(2)",
                          "LNFP": "Optional language file prefix(3)",
                          "PARM": "Parameter value(132)"
                        }
                      },
                      "errorMessage": {
                        "type": "string"
                      },
                      "errorCode": {
                        "type": "string"
                      },
                      "errorCfg": {
                        "type": "string"
                      },
                      "errorField": {
                        "type": "string"
                      },
                      "errorType": {
                        "type": "string"
                      },
                      "notProcessed": {
                        "type": "boolean",
                        "example": false
                      },
                      "records": {
                        "type": "array",
                        "items": {
                          "type": "object",
                          "additionalProperties": {
                            "type": "string"
                          },
                          "example": {
                            "MSGT": "Message text(132)"
                          }
                        }
                      }
                    }
                  }
                },
                "wasTerminated": {
                  "type": "boolean",
                  "example": false
                },
                "terminationReason": {
                  "type": "string"
                },
                "nrOfSuccessfullTransactions": {
                  "type": "integer",
                  "format": "int32",
                  "example": 1
                },
                "nrOfNotProcessedTransactions": {
                  "type": "integer",
                  "format": "int32"
                },
                "nrOfFailedTransactions": {
                  "type": "integer",
                  "format": "int32"
                },
                "terminationErrorType": {
                  "type": "string"
                },
                "bulkJobId": {
                  "type": "string"
                }
              }
            }
          }
        },
        "parameters": [
          {
            "required": true,
            "in": "query",
            "type": "string",
            "name": "MSID",
            "description": "Message ID(7)"
          },
          {
            "required": false,
            "in": "query",
            "type": "string",
            "name": "LNCD",
            "description": "Language(2)"
          },
          {
            "required": false,
            "in": "query",
            "type": "string",
            "name": "LNFP",
            "description": "Optional language file prefix(3)"
          },
          {
            "required": false,
            "in": "query",
            "type": "string",
            "name": "PARM",
            "description": "Parameter value(132)"
          },
          {
            "required": false,
            "in": "query",
            "type": "string",
            "name": "cono",
            "description": "The company context to use. Defaults to user default"
          },
          {
            "required": false,
            "in": "query",
            "type": "string",
            "name": "divi",
            "description": "The division context to use. Defaults to user default"
          },
          {
            "required": false,
            "in": "query",
            "type": "string",
            "name": "lanc",
            "description": "The language code to use. Defaults to user default"
          },
          {
            "required": false,
            "in": "query",
            "type": "string",
            "name": "locale",
            "description": "The locale to use"
          },
          {
            "required": false,
            "in": "query",
            "type": "string",
            "name": "timeZone",
            "description": "The time zone to use"
          },
          {
            "required": false,
            "in": "query",
            "type": "string",
            "name": "maxrecs",
            "description": "Max number of records returned. 0 is unlimited"
          },
          {
            "required": false,
            "in": "query",
            "type": "string",
            "name": "dateformat",
            "description": "Date format to use",
            "default": "YMD8",
            "enum": [
              "YMD8",
              "YMD6",
              "MDY6",
              "DMY6",
              "YWD5",
              "YMD8-"
            ]
          },
          {
            "required": false,
            "in": "query",
            "type": "string",
            "name": "excludeempty",
            "description": "When true, empty fields are omitted in response",
            "default": "false"
          },
          {
            "required": false,
            "in": "query",
            "type": "string",
            "name": "righttrim",
            "description": "When true, all values are right trimmed in response",
            "default": "true"
          },
          {
            "required": false,
            "in": "query",
            "type": "string",
            "name": "returncols",
            "description": "A comma separated list of column names that should be included in the response. Defaults to all columns"
          },
          {
            "required": false,
            "in": "query",
            "type": "string",
            "name": "format",
            "description": "Controls output JSON format",
            "default": "PRETTY",
            "enum": [
              "UNFORMATTED",
              "COMPACT",
              "PRETTY"
            ]
          },
          {
            "required": false,
            "in": "query",
            "type": "string",
            "name": "extendedresult",
            "description": "Show transaction parameters in the response",
            "default": "false"
          }
        ]
      }
    },
    "/GetServerTime": {
      "get": {
        "summary": "Get current date and time from server",
        "description": "Get current date and time from server",
        "responses": {
          "200": {
            "description": "The transaction was executed as requested",
            "schema": {
              "type": "object",
              "properties": {
                "results": {
                  "type": "array",
                  "items": {
                    "type": "object",
                    "properties": {
                      "transaction": {
                        "type": "string",
                        "example": "GetServerTime"
                      },
                      "parameters": {
                        "type": "object",
                        "additionalProperties": {
                          "type": "string"
                        },
                        "example": {}
                      },
                      "errorMessage": {
                        "type": "string"
                      },
                      "errorCode": {
                        "type": "string"
                      },
                      "errorCfg": {
                        "type": "string"
                      },
                      "errorField": {
                        "type": "string"
                      },
                      "errorType": {
                        "type": "string"
                      },
                      "notProcessed": {
                        "type": "boolean",
                        "example": false
                      },
                      "records": {
                        "type": "array",
                        "items": {
                          "type": "object",
                          "additionalProperties": {
                            "type": "string"
                          },
                          "example": {
                            "DATE": "Date YYYYMMDD(10)",
                            "TIME": "Time 6 digits(6)",
                            "LMTS": "Number of milliseconds(18)"
                          }
                        }
                      }
                    }
                  }
                },
                "wasTerminated": {
                  "type": "boolean",
                  "example": false
                },
                "terminationReason": {
                  "type": "string"
                },
                "nrOfSuccessfullTransactions": {
                  "type": "integer",
                  "format": "int32",
                  "example": 1
                },
                "nrOfNotProcessedTransactions": {
                  "type": "integer",
                  "format": "int32"
                },
                "nrOfFailedTransactions": {
                  "type": "integer",
                  "format": "int32"
                },
                "terminationErrorType": {
                  "type": "string"
                },
                "bulkJobId": {
                  "type": "string"
                }
              }
            }
          }
        },
        "parameters": [
          {
            "required": false,
            "in": "query",
            "type": "string",
            "name": "cono",
            "description": "The company context to use. Defaults to user default"
          },
          {
            "required": false,
            "in": "query",
            "type": "string",
            "name": "divi",
            "description": "The division context to use. Defaults to user default"
          },
          {
            "required": false,
            "in": "query",
            "type": "string",
            "name": "lanc",
            "description": "The language code to use. Defaults to user default"
          },
          {
            "required": false,
            "in": "query",
            "type": "string",
            "name": "locale",
            "description": "The locale to use"
          },
          {
            "required": false,
            "in": "query",
            "type": "string",
            "name": "timeZone",
            "description": "The time zone to use"
          },
          {
            "required": false,
            "in": "query",
            "type": "string",
            "name": "maxrecs",
            "description": "Max number of records returned. 0 is unlimited"
          },
          {
            "required": false,
            "in": "query",
            "type": "string",
            "name": "dateformat",
            "description": "Date format to use",
            "default": "YMD8",
            "enum": [
              "YMD8",
              "YMD6",
              "MDY6",
              "DMY6",
              "YWD5",
              "YMD8-"
            ]
          },
          {
            "required": false,
            "in": "query",
            "type": "string",
            "name": "excludeempty",
            "description": "When true, empty fields are omitted in response",
            "default": "false"
          },
          {
            "required": false,
            "in": "query",
            "type": "string",
            "name": "righttrim",
            "description": "When true, all values are right trimmed in response",
            "default": "true"
          },
          {
            "required": false,
            "in": "query",
            "type": "string",
            "name": "returncols",
            "description": "A comma separated list of column names that should be included in the response. Defaults to all columns"
          },
          {
            "required": false,
            "in": "query",
            "type": "string",
            "name": "format",
            "description": "Controls output JSON format",
            "default": "PRETTY",
            "enum": [
              "UNFORMATTED",
              "COMPACT",
              "PRETTY"
            ]
          },
          {
            "required": false,
            "in": "query",
            "type": "string",
            "name": "extendedresult",
            "description": "Show transaction parameters in the response",
            "default": "false"
          }
        ]
      }
    },
    "/GetUserInfo": {
      "get": {
        "summary": "Get user information",
        "description": "Get user information",
        "responses": {
          "200": {
            "description": "The transaction was executed as requested",
            "schema": {
              "type": "object",
              "properties": {
                "results": {
                  "type": "array",
                  "items": {
                    "type": "object",
                    "properties": {
                      "transaction": {
                        "type": "string",
                        "example": "GetUserInfo"
                      },
                      "parameters": {
                        "type": "object",
                        "additionalProperties": {
                          "type": "string"
                        },
                        "example": {}
                      },
                      "errorMessage": {
                        "type": "string"
                      },
                      "errorCode": {
                        "type": "string"
                      },
                      "errorCfg": {
                        "type": "string"
                      },
                      "errorField": {
                        "type": "string"
                      },
                      "errorType": {
                        "type": "string"
                      },
                      "notProcessed": {
                        "type": "boolean",
                        "example": false
                      },
                      "records": {
                        "type": "array",
                        "items": {
                          "type": "object",
                          "additionalProperties": {
                            "type": "string"
                          },
                          "example": {
                            "ZZUSID": "User(10)",
                            "ZDCONO": "Company(3)",
                            "ZDDIVI": "Division(3)",
                            "ZDFACI": "Facility(3)",
                            "ZZWHLO": "Warehouse(3)",
                            "ZDAUPF": "User group-function access(10)",
                            "ZDREPF": "Display item name in own language(1)",
                            "ZDLANC": "System language(2)",
                            "ZDDTFM": "Date format(3)",
                            "DSEP": "Date separator(1)",
                            "TSEP": "Time separator(1)",
                            "TIZO": "Time zone(5)",
                            "USFN": "User full name(40)"
                          }
                        }
                      }
                    }
                  }
                },
                "wasTerminated": {
                  "type": "boolean",
                  "example": false
                },
                "terminationReason": {
                  "type": "string"
                },
                "nrOfSuccessfullTransactions": {
                  "type": "integer",
                  "format": "int32",
                  "example": 1
                },
                "nrOfNotProcessedTransactions": {
                  "type": "integer",
                  "format": "int32"
                },
                "nrOfFailedTransactions": {
                  "type": "integer",
                  "format": "int32"
                },
                "terminationErrorType": {
                  "type": "string"
                },
                "bulkJobId": {
                  "type": "string"
                }
              }
            }
          }
        },
        "parameters": [
          {
            "required": false,
            "in": "query",
            "type": "string",
            "name": "cono",
            "description": "The company context to use. Defaults to user default"
          },
          {
            "required": false,
            "in": "query",
            "type": "string",
            "name": "divi",
            "description": "The division context to use. Defaults to user default"
          },
          {
            "required": false,
            "in": "query",
            "type": "string",
            "name": "lanc",
            "description": "The language code to use. Defaults to user default"
          },
          {
            "required": false,
            "in": "query",
            "type": "string",
            "name": "locale",
            "description": "The locale to use"
          },
          {
            "required": false,
            "in": "query",
            "type": "string",
            "name": "timeZone",
            "description": "The time zone to use"
          },
          {
            "required": false,
            "in": "query",
            "type": "string",
            "name": "maxrecs",
            "description": "Max number of records returned. 0 is unlimited"
          },
          {
            "required": false,
            "in": "query",
            "type": "string",
            "name": "dateformat",
            "description": "Date format to use",
            "default": "YMD8",
            "enum": [
              "YMD8",
              "YMD6",
              "MDY6",
              "DMY6",
              "YWD5",
              "YMD8-"
            ]
          },
          {
            "required": false,
            "in": "query",
            "type": "string",
            "name": "excludeempty",
            "description": "When true, empty fields are omitted in response",
            "default": "false"
          },
          {
            "required": false,
            "in": "query",
            "type": "string",
            "name": "righttrim",
            "description": "When true, all values are right trimmed in response",
            "default": "true"
          },
          {
            "required": false,
            "in": "query",
            "type": "string",
            "name": "returncols",
            "description": "A comma separated list of column names that should be included in the response. Defaults to all columns"
          },
          {
            "required": false,
            "in": "query",
            "type": "string",
            "name": "format",
            "description": "Controls output JSON format",
            "default": "PRETTY",
            "enum": [
              "UNFORMATTED",
              "COMPACT",
              "PRETTY"
            ]
          },
          {
            "required": false,
            "in": "query",
            "type": "string",
            "name": "extendedresult",
            "description": "Show transaction parameters in the response",
            "default": "false"
          }
        ]
      }
    },
    "/ServerTimeZone": {
      "get": {
        "summary": "Returns server time with timezone",
        "description": "Returns server time with timezone",
        "responses": {
          "200": {
            "description": "The transaction was executed as requested",
            "schema": {
              "type": "object",
              "properties": {
                "results": {
                  "type": "array",
                  "items": {
                    "type": "object",
                    "properties": {
                      "transaction": {
                        "type": "string",
                        "example": "ServerTimeZone"
                      },
                      "parameters": {
                        "type": "object",
                        "additionalProperties": {
                          "type": "string"
                        },
                        "example": {}
                      },
                      "errorMessage": {
                        "type": "string"
                      },
                      "errorCode": {
                        "type": "string"
                      },
                      "errorCfg": {
                        "type": "string"
                      },
                      "errorField": {
                        "type": "string"
                      },
                      "errorType": {
                        "type": "string"
                      },
                      "notProcessed": {
                        "type": "boolean",
                        "example": false
                      },
                      "records": {
                        "type": "array",
                        "items": {
                          "type": "object",
                          "additionalProperties": {
                            "type": "string"
                          },
                          "example": {
                            "TMTZ": "Date/time with time zone(30)",
                            "UTCT": "UTC time(30)"
                          }
                        }
                      }
                    }
                  }
                },
                "wasTerminated": {
                  "type": "boolean",
                  "example": false
                },
                "terminationReason": {
                  "type": "string"
                },
                "nrOfSuccessfullTransactions": {
                  "type": "integer",
                  "format": "int32",
                  "example": 1
                },
                "nrOfNotProcessedTransactions": {
                  "type": "integer",
                  "format": "int32"
                },
                "nrOfFailedTransactions": {
                  "type": "integer",
                  "format": "int32"
                },
                "terminationErrorType": {
                  "type": "string"
                },
                "bulkJobId": {
                  "type": "string"
                }
              }
            }
          }
        },
        "parameters": [
          {
            "required": false,
            "in": "query",
            "type": "string",
            "name": "cono",
            "description": "The company context to use. Defaults to user default"
          },
          {
            "required": false,
            "in": "query",
            "type": "string",
            "name": "divi",
            "description": "The division context to use. Defaults to user default"
          },
          {
            "required": false,
            "in": "query",
            "type": "string",
            "name": "lanc",
            "description": "The language code to use. Defaults to user default"
          },
          {
            "required": false,
            "in": "query",
            "type": "string",
            "name": "locale",
            "description": "The locale to use"
          },
          {
            "required": false,
            "in": "query",
            "type": "string",
            "name": "timeZone",
            "description": "The time zone to use"
          },
          {
            "required": false,
            "in": "query",
            "type": "string",
            "name": "maxrecs",
            "description": "Max number of records returned. 0 is unlimited"
          },
          {
            "required": false,
            "in": "query",
            "type": "string",
            "name": "dateformat",
            "description": "Date format to use",
            "default": "YMD8",
            "enum": [
              "YMD8",
              "YMD6",
              "MDY6",
              "DMY6",
              "YWD5",
              "YMD8-"
            ]
          },
          {
            "required": false,
            "in": "query",
            "type": "string",
            "name": "excludeempty",
            "description": "When true, empty fields are omitted in response",
            "default": "false"
          },
          {
            "required": false,
            "in": "query",
            "type": "string",
            "name": "righttrim",
            "description": "When true, all values are right trimmed in response",
            "default": "true"
          },
          {
            "required": false,
            "in": "query",
            "type": "string",
            "name": "returncols",
            "description": "A comma separated list of column names that should be included in the response. Defaults to all columns"
          },
          {
            "required": false,
            "in": "query",
            "type": "string",
            "name": "format",
            "description": "Controls output JSON format",
            "default": "PRETTY",
            "enum": [
              "UNFORMATTED",
              "COMPACT",
              "PRETTY"
            ]
          },
          {
            "required": false,
            "in": "query",
            "type": "string",
            "name": "extendedresult",
            "description": "Show transaction parameters in the response",
            "default": "false"
          }
        ]
      }
    }
  }
}